{
  "baseline": {
    "window_z": 252,
    "window_pct": 2520,
    "min_occurrences": 80
  },
  "GSR": {
    "NEUTRAL": {
      "n": 2208,
      "confidence": "high",
      "p_up_5d": 0.49502262443438916,
      "median_5d": 0.0,
      "p10_5d": -0.05235712856836878,
      "p90_5d": 0.0506396363401341,
      "p_up_10d": 0.4746376811594203,
      "median_10d": -0.0031323353075832635,
      "p10_10d": -0.07350404024759535,
      "p90_10d": 0.07329660248216707
    },
    "HIGH": {
      "n": 1496,
      "confidence": "high",
      "p_up_5d": 0.5167112299465241,
      "median_5d": 0.0016222488259880227,
      "p10_5d": -0.039834959555037464,
      "p90_5d": 0.05143016986120781,
      "p_up_10d": 0.5407754010695187,
      "median_10d": 0.005881899303556021,
      "p10_10d": -0.05376251659622637,
      "p90_10d": 0.08096921596921602
    },
    "EXTREME_HIGH": {
      "n": 438,
      "confidence": "high",
      "p_up_5d": 0.5593607305936074,
      "median_5d": 0.0036510069261160186,
      "p10_5d": -0.03566406600976371,
      "p90_5d": 0.053290361653492616,
      "p_up_10d": 0.5776255707762558,
      "median_10d": 0.007210345051660251,
      "p10_10d": -0.05707720229383799,
      "p90_10d": 0.07835645599354038
    },
    "LOW": {
      "n": 187,
      "confidence": "high",
      "p_up_5d": 0.6157894736842106,
      "median_5d": 0.017848759919421267,
      "p10_5d": -0.06587230326269392,
      "p90_5d": 0.07791713772459316,
      "p_up_10d": 0.5882352941176471,
      "median_10d": 0.02977963073257892,
      "p10_10d": -0.08805264960141423,
      "p90_10d": 0.12426912002247342
    },
    "EXTREME_LOW": {
      "n": 52,
      "confidence": "low",
      "p_up_5d": 0.6153846153846154,
      "median_5d": 0.01558427700124453,
      "p10_5d": -0.04110510499956061,
      "p90_5d": 0.08926526753187788,
      "p_up_10d": 0.8461538461538461,
      "median_10d": 0.0309086514297553,
      "p10_10d": -0.01640663933767374,
      "p90_10d": 0.1170323465703971
    }
  },
  "DXY": {
    "NEUTRAL": {
      "n": 1759,
      "confidence": "high",
      "p_up_5d": 0.49403069926094373,
      "median_5d": -0.0003262642740619253,
      "p10_5d": -0.04691978717131965,
      "p90_5d": 0.047654818104044136,
      "p_up_10d": 0.4928936895963616,
      "median_10d": -0.0006373486297004326,
      "p10_10d": -0.06914638569580282,
      "p90_10d": 0.07080122402408248
    },
    "LOW": {
      "n": 568,
      "confidence": "high",
      "p_up_5d": 0.522887323943662,
      "median_5d": 0.0027179342296477977,
      "p10_5d": -0.044887409203922465,
      "p90_5d": 0.06364359778152884,
      "p_up_10d": 0.5158450704225352,
      "median_10d": 0.003014754583744751,
      "p10_10d": -0.06189691150577223,
      "p90_10d": 0.09881139270357361
    },
    "HIGH": {
      "n": 1328,
      "confidence": "high",
      "p_up_5d": 0.5431357839459865,
      "median_5d": 0.0038167938931296893,
      "p10_5d": -0.043681868743047844,
      "p90_5d": 0.0518071135649205,
      "p_up_10d": 0.536144578313253,
      "median_10d": 0.005505852573502948,
      "p10_10d": -0.06287995448673528,
      "p90_10d": 0.0796063638725103
    },
    "EXTREME_HIGH": {
      "n": 726,
      "confidence": "high",
      "p_up_5d": 0.5110192837465565,
      "median_5d": 0.0015487686490906183,
      "p10_5d": -0.05229674135963712,
      "p90_5d": 0.058432813818964896,
      "p_up_10d": 0.5399449035812672,
      "median_10d": 0.004115763283314692,
      "p10_10d": -0.06873138174734215,
      "p90_10d": 0.08541104884856959
    }
  },
  "US10Y": {
    "LOW": {
      "n": 403,
      "confidence": "high",
      "p_up_5d": 0.5707196029776674,
      "median_5d": 0.006616257088846908,
      "p10_5d": -0.04729023792857818,
      "p90_5d": 0.055336462630788785,
      "p_up_10d": 0.5533498759305211,
      "median_10d": 0.0061813186813186715,
      "p10_10d": -0.06860790693088835,
      "p90_10d": 0.08359817488832123
    },
    "NEUTRAL": {
      "n": 1702,
      "confidence": "high",
      "p_up_5d": 0.5061511423550088,
      "median_5d": 0.0009367681498828839,
      "p10_5d": -0.05154351257576928,
      "p90_5d": 0.059903300033307336,
      "p_up_10d": 0.5070505287896592,
      "median_10d": 0.0014274152532110234,
      "p10_10d": -0.06922552838544366,
      "p90_10d": 0.08968980074638452
    },
    "HIGH": {
      "n": 1535,
      "confidence": "high",
      "p_up_5d": 0.4970684039087948,
      "median_5d": 0.0,
      "p10_5d": -0.04430626373170825,
      "p90_5d": 0.041679590448360254,
      "p_up_10d": 0.4970684039087948,
      "median_10d": 0.0,
      "p10_10d": -0.06459980156118278,
      "p90_10d": 0.05959502991256327
    },
    "EXTREME_HIGH": {
      "n": 736,
      "confidence": "high",
      "p_up_5d": 0.5448369565217391,
      "median_5d": 0.0037826648122789783,
      "p10_5d": -0.041479652902453625,
      "p90_5d": 0.06397893706042063,
      "p_up_10d": 0.5597826086956522,
      "median_10d": 0.00728915169393443,
      "p10_10d": -0.06074584032815323,
      "p90_10d": 0.09877294067434911
    },
    "EXTREME_LOW": {
      "n": 5,
      "confidence": "low",
      "p_up_5d": 0.6,
      "median_5d": 0.023051591657519306,
      "p10_5d": -0.007389862624348593,
      "p90_5d": 0.036535608308605326,
      "p_up_10d": 0.6,
      "median_10d": 0.016099524332235687,
      "p10_10d": -0.008994537332346618,
      "p90_10d": 0.027587711642520503
    }
  }
}